{
  "project_info": {
    "project_number": "718826666246",
    "project_id": "todolist-ed32b",
    "storage_bucket": "todolist-ed32b.appspot.com"
  },
  "client": [
    {
      "client_info": {
        "mobilesdk_app_id": "1:718826666246:android:bbe677ac121123b5c30687",
        "android_client_info": {
          "package_name": "com.example.mytodoapplication"
        }
      },
      "oauth_client": [],
      "api_key": [
        {
          "current_key": "AIzaSyCaTD0SCHnETKqKLbaWrOdy_NlaSoI3TQ4"
        }
      ],
      "services": {
        "appinvite_service": {
          "other_platform_oauth_client": []
        }
      }
    }
  ],
  "configuration_version": "1"
}